{
    "rmse": 0.6838909061620299,
    "mae": 0.5351934659112542,
    "r2": 0.3139551751943125
}